{"TimeStamp":"2025-11-29T01:11:10Z","SiteName":"lmsbox","RequestId":"40ad8bc7-ccc0-11f0-937a-b047e9ed543a","Kind":"ZipDeploy","Status":"Success","Details":"{\"Id\":\"fab6657032a2473ba04954210db17916\",\"Status\":4,\"StatusText\":\"\",\"AuthorEmail\":\"N/A\",\"Author\":\"N/A\",\"Message\":\"Created via a push deployment\",\"Progress\":\"\",\"Deployer\":\"ZipDeploy\",\"ReceivedTime\":\"2025-11-29T01:11:07.0226242Z\",\"StartTime\":\"2025-11-29T01:11:07.1319953Z\",\"EndTime\":\"2025-11-29T01:11:10.5413131Z\",\"LastSuccessEndTime\":\"2025-11-29T01:11:10.5413131Z\",\"Complete\":true,\"IsTemporary\":false,\"IsReadOnly\":true,\"SiteName\":\"lmsbox\",\"HostName\":\"lmsbox-e0d2dqb4hwb8aqfp.scm.uksouth-01.azurewebsites.net\",\"ProjectType\":\"BASIC\",\"VsProjectId\":null}"}